<?xml version="1.0" encoding="UTF-8" standalone="yes"?>
<addon id="plugin.video.major-spoiler"
       name="Major Spoilers"
       version="1.5"
       provider-name="notme">
  <requires>
    <import addon="xbmc.python" version="1.0"/>
  </requires>
  <extension point="xbmc.python.pluginsource"
            library="default.py">
        <provides>video</provides>
  </extension>
  <extension point="xbmc.addon.metadata">
    <summary>Major Spoilers Podcast</summary>
    <description>Major Spoilers Podcast</description>
    <platform>all</platform>
  </extension>
</addon>
